{
  "final_reward": 115918.99422433786,
  "training_time_sec": 24360.29416155815,
  "avg_cpu_percent": 25.329477020602216,
  "avg_gpu_percent": 0.0003961965134706815,
  "energy_kwh": 0.21425444934289076,
  "eval_timesteps": [
    50000,
    100000,
    150000,
    200000,
    250000,
    300000,
    350000,
    400000,
    450000,
    500000,
    550000,
    600000,
    650000,
    700000,
    750000,
    800000,
    850000,
    900000,
    950000,
    1000000,
    1050000,
    1100000,
    1150000,
    1200000,
    1250000,
    1300000,
    1350000,
    1400000,
    1450000,
    1500000,
    1550000,
    1600000,
    1650000,
    1700000,
    1750000,
    1800000,
    1850000,
    1900000,
    1950000,
    2000000,
    2050000,
    2100000,
    2150000,
    2200000,
    2250000,
    2300000,
    2350000,
    2400000,
    2450000,
    2500000,
    2550000,
    2600000,
    2650000,
    2700000,
    2750000,
    2800000,
    2850000,
    2900000,
    2950000,
    3000000,
    3050000,
    3100000,
    3150000,
    3200000,
    3250000,
    3300000,
    3350000,
    3400000,
    3450000,
    3500000,
    3550000,
    3600000,
    3650000,
    3700000,
    3750000,
    3800000,
    3850000,
    3900000,
    3950000,
    4000000,
    4050000,
    4100000,
    4150000,
    4200000,
    4250000,
    4300000,
    4350000,
    4400000,
    4450000,
    4500000,
    4550000,
    4600000,
    4650000,
    4700000,
    4750000,
    4800000,
    4850000,
    4900000,
    4950000,
    5000000,
    5050000,
    5100000,
    5150000,
    5200000,
    5250000,
    5300000,
    5350000,
    5400000,
    5450000,
    5500000,
    5550000,
    5600000,
    5650000,
    5700000,
    5750000,
    5800000,
    5850000,
    5900000,
    5950000,
    6000000,
    6050000,
    6100000,
    6150000,
    6200000,
    6250000,
    6300000,
    6350000,
    6400000,
    6450000,
    6500000,
    6550000,
    6600000,
    6650000,
    6700000,
    6750000,
    6800000,
    6850000,
    6900000,
    6950000,
    7000000,
    7050000,
    7100000,
    7150000,
    7200000,
    7250000,
    7300000,
    7350000,
    7400000,
    7450000,
    7500000,
    7550000,
    7600000,
    7650000,
    7700000,
    7750000,
    7800000,
    7850000,
    7900000,
    7950000,
    8000000,
    8050000,
    8100000,
    8150000,
    8200000,
    8250000,
    8300000,
    8350000,
    8400000,
    8450000,
    8500000,
    8550000,
    8600000,
    8650000,
    8700000,
    8750000,
    8800000,
    8850000,
    8900000,
    8950000,
    9000000,
    9050000,
    9100000,
    9150000,
    9200000,
    9250000,
    9300000,
    9350000,
    9400000,
    9450000,
    9500000,
    9550000,
    9600000,
    9650000,
    9700000,
    9750000,
    9800000,
    9850000,
    9900000,
    9950000,
    10000000
  ],
  "eval_rewards": [
    60250.93024178592,
    70208.92531699807,
    71204.68869401517,
    75273.08135158263,
    71884.25629089796,
    70677.5696157674,
    78173.98599828637,
    78509.36202342693,
    75636.92292181053,
    74493.15194866959,
    81657.83514914525,
    86427.97441066269,
    81896.26364294505,
    83386.23683962713,
    83352.78445220624,
    90178.54687429732,
    90769.25067834655,
    95224.03417630514,
    87266.48661779857,
    92757.82806818324,
    83064.54916984172,
    87705.87206403262,
    88788.4512751784,
    89104.56217928865,
    90656.19872581153,
    86378.3251013349,
    87822.93809887632,
    94987.68907335082,
    85758.3995095833,
    90288.17537954835,
    89857.55727988954,
    86522.189523269,
    87664.6713461325,
    90099.68108776238,
    90146.26138566341,
    94702.80407222579,
    91400.85465485594,
    92602.88728320821,
    86381.16342388322,
    93107.54684222137,
    92568.88680430767,
    87234.19625455246,
    91697.82996055309,
    86945.0128204065,
    70005.45682958399,
    91335.4295903678,
    93957.66768904123,
    92264.66791736848,
    103773.07572277615,
    98863.17792029463,
    106104.14889424865,
    94880.41613391222,
    91292.35791694505,
    99783.22184106192,
    92978.55413371368,
    92182.07242108005,
    93100.23842395205,
    86627.06267975652,
    85853.86581127084,
    99551.53708983399,
    82709.21012354578,
    96652.04576548711,
    101195.49704791575,
    84086.70763866758,
    77127.2404292841,
    74140.3269653786,
    85409.8959445858,
    75900.09091106209,
    69190.08691611097,
    82969.88914090456,
    82454.89727861609,
    74077.0936058672,
    78253.15866827872,
    84131.24286763469,
    96756.10552515314,
    98640.95670764976,
    86345.6714806025,
    84453.38535524478,
    83914.17222621466,
    71594.05570893906,
    79583.92550185462,
    92379.75595854543,
    104946.39527267574,
    94343.7621219545,
    97072.6491445465,
    106167.48283528774,
    83957.10282412704,
    93788.07983651641,
    87920.27658399622,
    96674.55570690978,
    98363.5694440419,
    95607.96320476395,
    89477.32016528079,
    97314.4521555416,
    88767.52786742445,
    98039.04742102811,
    104424.81753037535,
    83924.49504165127,
    98097.73614272894,
    90036.68513237478,
    98152.21437901499,
    105187.03676390294,
    106273.66755921929,
    111859.47988925008,
    115593.42724997555,
    108071.34138843324,
    104465.82345422966,
    108114.08835977441,
    99993.62734081881,
    84050.39356654868,
    91398.0106794646,
    81432.8245437285,
    95779.95409103464,
    87242.80770775354,
    80412.29145891186,
    73653.51877340999,
    95808.82986082013,
    85036.28613024895,
    91738.57179802575,
    87649.76127057134,
    91619.82035065247,
    85654.47862507335,
    92291.65633274273,
    81634.60890946326,
    96882.23810506589,
    94484.30961314958,
    97504.09139880803,
    94631.79494773544,
    102248.29268595557,
    103072.5414991057,
    101002.7845033583,
    74711.21685244654,
    91121.63355033951,
    104505.30805525873,
    99159.49988761604,
    94438.63031467602,
    109955.82035197345,
    106818.39855581414,
    102792.44988190425,
    111514.88860547927,
    97392.52322445888,
    109434.82271031968,
    100394.13115534495,
    110214.32248970153,
    115193.79352940715,
    107343.54548094519,
    111738.17111827515,
    101720.03950755241,
    111986.1256857583,
    105897.42324016122,
    112119.47257222433,
    111640.00177621441,
    99377.41325556686,
    108334.69462220576,
    99415.58504416962,
    108698.96720746814,
    111006.12319697619,
    117591.50775275394,
    98268.95654838353,
    106369.98225430577,
    106852.22435187674,
    115380.95209946793,
    113362.632770513,
    109286.82430248005,
    117452.03210626433,
    108257.60918639149,
    120972.92921324195,
    117301.56516117051,
    108309.80880340104,
    110679.579089565,
    116223.78106379218,
    108140.83777680768,
    115078.04159127377,
    117560.48156737446,
    109633.38496052971,
    114496.88402159317,
    113553.70348998415,
    113873.44831603719,
    114884.08513157647,
    116195.38458040892,
    117395.14688779968,
    118665.59026477388,
    115218.69142305323,
    119491.02893939716,
    110722.92274629287,
    118806.35704942622,
    112711.78048885692,
    120276.29043891029,
    112125.0374283527,
    118360.37595666674,
    116991.8108387898,
    116341.77782165907,
    113413.45195194278,
    114615.09918704415,
    110677.84912441217,
    110613.46944000912,
    102886.45196141327,
    115202.02447390796,
    115721.3515223477,
    115918.99422433786
  ],