{
  "final_reward": 66550.8370663131,
  "training_time_sec": 4762.926346063614,
  "avg_cpu_percent": 32.806683971447114,
  "avg_gpu_percent": 0.000973393900064893,
  "energy_kwh": 0.05425871243801797,
  "eval_timesteps": [
    50000,
    100000,
    150000,
    200000,
    250000,
    300000,
    350000,
    400000,
    450000,
    500000,
    550000,
    600000,
    650000,
    700000,
    750000,
    800000,
    850000,
    900000,
    950000,
    1000000,
    1050000,
    1100000,
    1150000,
    1200000,
    1250000,
    1300000,
    1350000,
    1400000,
    1450000,
    1500000,
    1550000,
    1600000,
    1650000,
    1700000,
    1750000,
    1800000,
    1850000,
    1900000,
    1950000,
    2000000
  ],
  "eval_rewards": [
    66670.61147862047,
    62375.263180988535,
    73569.96558073127,
    61287.62377094991,
    76214.9253988344,
    64412.49504784646,
    60766.377520105845,
    71736.49045894304,
    72088.16552793028,
    85023.46893182665,
    100656.54256149408,
    72716.93162034499,
    65476.84875399918,
    102568.77405769078,
    89800.07335698273,
    105272.89448015255,
    111463.44351474402,
    93845.92183008649,
    85823.11948534007,
    74206.40705498937,
    72504.79273507492,
    76000.04454925862,
    74346.18282498792,
    86514.17378909553,
    77005.93440650872,
    68789.03560566549,
    77836.89674137882,
    69943.92478502172,
    89610.27563459286,
    61017.570124806916,
    60834.43994642779,
    69073.95630465104,
    63414.6649760874,
    65231.847285637006,
    66663.4222308834,
    66929.08775473977,
    65889.6184199734,
    66808.04621560322,
    69701.7781478005,
    66550.8370663131
  ],
  "eval_wall_times": [
    108.13302063941956,
    220.741544008255,
    325.86123871803284,
    429.92797780036926,
    535.0273785591125,
    639.5624763965607,
    745.5935523509979,
    853.3105711936951,
    975.4411768913269,
    1099.7771580219269,
    1222.3946905136108,
    1344.9461030960083,
    1467.6946454048157,
    1589.0753514766693,
    1712.17702293396,
    1833.4742069244385,
    1956.0485742092133,
    2076.3931753635406,
    2196.3090953826904,
    2318.0480444431305,
    2437.2073135375977,
    2558.6414291858673,
    2678.5018815994263,
    2799.897885799408,
    2923.807035923004,
    3045.121968984604,
    3168.8522868156433,
    3289.8227376937866,
    3413.0447659492493,
    3534.047732591629,
    3656.3335540294647,
    3781.1460421085358,
    3903.2770223617554,
    4026.6719069480896,
    4147.860268831253,
    4269.096421718597,
    4392.094820022583,
    4513.385117769241,
    4636.955511331558,
    4759.841633558273
  ]
}