{
  "final_reward": 104250.95735411633,
  "training_time_sec": 12276.445874452591,
  "avg_cpu_percent": 24.68201765447667,
  "avg_gpu_percent": 0.00201765447667087,
  "energy_kwh": 0.10522812259007587,
  "eval_timesteps": [
    50000,
    100000,
    150000,
    200000,
    250000,
    300000,
    350000,
    400000,
    450000,
    500000,
    550000,
    600000,
    650000,
    700000,
    750000,
    800000,
    850000,
    900000,
    950000,
    1000000,
    1050000,
    1100000,
    1150000,
    1200000,
    1250000,
    1300000,
    1350000,
    1400000,
    1450000,
    1500000,
    1550000,
    1600000,
    1650000,
    1700000,
    1750000,
    1800000,
    1850000,
    1900000,
    1950000,
    2000000,
    2050000,
    2100000,
    2150000,
    2200000,
    2250000,
    2300000,
    2350000,
    2400000,
    2450000,
    2500000,
    2550000,
    2600000,
    2650000,
    2700000,
    2750000,
    2800000,
    2850000,
    2900000,
    2950000,
    3000000,
    3050000,
    3100000,
    3150000,
    3200000,
    3250000,
    3300000,
    3350000,
    3400000,
    3450000,
    3500000,
    3550000,
    3600000,
    3650000,
    3700000,
    3750000,
    3800000,
    3850000,
    3900000,
    3950000,
    4000000,
    4050000,
    4100000,
    4150000,
    4200000,
    4250000,
    4300000,
    4350000,
    4400000,
    4450000,
    4500000,
    4550000,
    4600000,
    4650000,
    4700000,
    4750000,
    4800000,
    4850000,
    4900000,
    4950000,
    5000000
  ],
  "eval_rewards": [
    57988.94783320497,
    72653.61862245711,
    62447.395359882576,
    78642.01868613422,
    76397.56789699562,
    110817.76516645445,
    105295.82867475032,
    86901.10852787984,
    86755.00666129796,
    85026.50377432114,
    76759.29038528707,
    58868.99761176879,
    99523.89764988108,
    89039.24617678966,
    90937.73310806233,
    63636.16486733708,
    70795.28112699992,
    81022.0864254649,
    88519.12265247352,
    78314.54200609378,
    94936.84317483976,
    87652.94493899988,
    90596.74658632357,
    65368.210904947926,
    83244.98497129201,
    72789.44370801614,
    65577.14352230582,
    82808.91832302706,
    86788.73766421725,
    65987.14750436037,
    73808.87107740917,
    76498.49432864279,
    99274.09828585295,
    70017.6383825609,
    76637.837046892,
    65547.34928218307,
    71959.4426250296,
    68494.22506916035,
    70382.12002707754,
    70607.06602668748,
    72763.26592754023,
    72324.99783846228,
    72632.65634600558,
    79293.51108177788,
    85310.35723579617,
    88811.64647146685,
    80782.25095083771,
    76847.17024078078,
    86920.01012526061,
    78396.50715875297,
    90148.9059370914,
    88207.33482688596,
    77283.79563396929,
    95160.39425340609,
    97763.07901334672,
    83874.47582005759,
    93091.35273510878,
    83986.80125756293,
    73711.63769016783,
    84165.36055620686,
    95981.56905008292,
    87412.09972952287,
    88824.95178950537,
    64569.82163049276,
    64068.791358597344,
    88308.87569450503,
    78546.18658657672,
    56557.27155585296,
    66565.49406818413,
    68666.81719259193,
    90064.2134317208,
    84227.07108419179,
    91031.34022778514,
    86524.92817344985,
    91233.32029662747,
    92422.95599025291,
    99797.1605763718,
    93686.86127246483,
    94520.5912433278,
    81625.05243706395,
    91536.54452062258,
    91735.13874018358,
    95545.30219960191,
    98341.60635320102,
    111252.91620232948,
    101617.31354146214,
    103899.31179443735,
    87735.72227101767,
    124899.02618290558,
    106963.34263187258,
    126426.21363324611,
    102639.77390694404,
    99317.68976663615,
    101988.157460155,
    102514.99060668328,
    82033.59497526656,
    89075.08663572739,
    109713.81065289448,
    110837.2623148676,
    104250.95735411633
  ],
  "eval_wall_times": [
    98.81264519691467,
    199.44051337242126,
    302.58161211013794,
    404.52055764198303,
    507.97594451904297,
    611.7214334011078,
    716.8906037807465,
    822.2745940685272,
    925.6931319236755,
    1031.4562153816223,
    1137.5515351295471,
    1244.3854570388794,
    1355.1971945762634,
    1466.9166283607483,
    1580.5664775371552,
    1692.9409883022308,
    1807.2125067710876,
    1920.127257347107,
    2032.7772018909454,
    2145.950762987137,
    2272.8730652332306,
    2403.346075773239,
    2532.4700317382812,
    2661.781847715378,
    2791.1972258090973,
    2918.306164264679,
    3047.8613817691803,
    3175.227695941925,
    3304.7200825214386,
    3434.0499982833862,
    3560.2360138893127,
    3687.865697145462,
    3813.1908087730408,
    3938.7123754024506,
    4064.0029287338257,
    4188.774474143982,
    4314.593002796173,
    4440.297302722931,
    4567.523307800293,
    4692.7238512039185,
    4817.790447235107,
    4944.867791652679,
    5070.308546543121,
    5198.074856758118,
    5324.18145108223,
    5453.3871059417725,
    5580.036844730377,
    5705.713020563126,
    5832.539178371429,
    5958.324998855591,
    6085.086518526077,
    6210.2488894462585,
    6334.985870599747,
    6461.1707808971405,
    6584.942368268967,
    6711.253961801529,
    6835.721627235413,
    6962.081177711487,
    7085.703985452652,
    7209.091936826706,
    7334.729557991028,
    7458.294853687286,
    7584.555787324905,
    7708.092252969742,
    7832.092672586441,
    7957.377747297287,
    8082.950041294098,
    8209.519062042236,
    8334.245923042297,
    8459.034787654877,
    8585.175328493118,
    8708.725341796875,
    8835.155522346497,
    8958.752325057983,
    9084.802344799042,
    9209.536990880966,
    9333.678567409515,
    9459.701194524765,
    9584.346539497375,
    9778.327535867691,
    9900.693497896194,
    10023.03499174118,
    10146.690673351288,
    10269.751304388046,
    10395.948607444763,
    10518.657720565796,
    10644.39022898674,
    10767.58981513977,
    10891.185528039932,
    11016.39147567749,
    11140.000774860382,
    11267.347523212433,
    11391.923466205597,
    11517.38191986084,
    11644.831572771072,
    11768.676225423813,
    11894.343698501587,
    12018.56549859047,
    12144.365298748016,
    12272.78580904007
  ]
}