{
  "final_reward": 715.0789955107275,
  "training_time_sec": 23877.261852025986,
  "avg_cpu_percent": 25.655285516696303,
  "avg_gpu_percent": 0.00026345254561022194,
  "energy_kwh": 0.2127050525074589,
  "eval_timesteps": [
    50000,
    100000,
    150000,
    200000,
    250000,
    300000,
    350000,
    400000,
    450000,
    500000,
    550000,
    600000,
    650000,
    700000,
    750000,
    800000,
    850000,
    900000,
    950000,
    1000000,
    1050000,
    1100000,
    1150000,
    1200000,
    1250000,
    1300000,
    1350000,
    1400000,
    1450000,
    1500000,
    1550000,
    1600000,
    1650000,
    1700000,
    1750000,
    1800000,
    1850000,
    1900000,
    1950000,
    2000000,
    2050000,
    2100000,
    2150000,
    2200000,
    2250000,
    2300000,
    2350000,
    2400000,
    2450000,
    2500000,
    2550000,
    2600000,
    2650000,
    2700000,
    2750000,
    2800000,
    2850000,
    2900000,
    2950000,
    3000000,
    3050000,
    3100000,
    3150000,
    3200000,
    3250000,
    3300000,
    3350000,
    3400000,
    3450000,
    3500000,
    3550000,
    3600000,
    3650000,
    3700000,
    3750000,
    3800000,
    3850000,
    3900000,
    3950000,
    4000000,
    4050000,
    4100000,
    4150000,
    4200000,
    4250000,
    4300000,
    4350000,
    4400000,
    4450000,
    4500000,
    4550000,
    4600000,
    4650000,
    4700000,
    4750000,
    4800000,
    4850000,
    4900000,
    4950000,
    5000000,
    5050000,
    5100000,
    5150000,
    5200000,
    5250000,
    5300000,
    5350000,
    5400000,
    5450000,
    5500000,
    5550000,
    5600000,
    5650000,
    5700000,
    5750000,
    5800000,
    5850000,
    5900000,
    5950000,
    6000000,
    6050000,
    6100000,
    6150000,
    6200000,
    6250000,
    6300000,
    6350000,
    6400000,
    6450000,
    6500000,
    6550000,
    6600000,
    6650000,
    6700000,
    6750000,
    6800000,
    6850000,
    6900000,
    6950000,
    7000000,
    7050000,
    7100000,
    7150000,
    7200000,
    7250000,
    7300000,
    7350000,
    7400000,
    7450000,
    7500000,
    7550000,
    7600000,
    7650000,
    7700000,
    7750000,
    7800000,
    7850000,
    7900000,
    7950000,
    8000000,
    8050000,
    8100000,
    8150000,
    8200000,
    8250000,
    8300000,
    8350000,
    8400000,
    8450000,
    8500000,
    8550000,
    8600000,
    8650000,
    8700000,
    8750000,
    8800000,
    8850000,
    8900000,
    8950000,
    9000000,
    9050000,
    9100000,
    9150000,
    9200000,
    9250000,
    9300000,
    9350000,
    9400000,
    9450000,
    9500000,
    9550000,
    9600000,
    9650000,
    9700000,
    9750000,
    9800000,
    9850000,
    9900000,
    9950000,
    10000000
  ],
  "eval_rewards": [
    313.94338656067504,
    334.071873587162,
    358.47008451757944,
    263.00777923563527,
    317.6101313522412,
    274.4352485385926,
    288.9706541137738,
    271.8736000476718,
    295.88984388439155,
    247.53006685330166,
    265.307869540514,
    271.48346258415074,
    286.55413275740756,
    287.0164335697831,
    307.97866743637314,
    328.9708947763163,
    341.82770235505524,
    289.0683423442889,
    346.7100694894413,
    329.1538401373974,
    319.5773187178563,
    400.8588098016973,
    348.43784599285084,
    346.4398964551091,
    415.184331600735,
    401.53121822440175,
    506.2831661816046,
    404.134220992734,
    424.6710281525937,
    337.5626403516438,
    334.94335189312824,
    374.4319835777047,
    323.52183190183484,
    481.72360950244837,
    329.7214387395649,
    362.9355034167935,
    306.349411097702,
    297.30660446242035,
    420.54079608681184,
    327.2853914846898,
    339.7772266455478,
    379.6396443468416,
    477.54780949545136,
    411.7175155694464,
    481.1152441828928,
    444.00638578393665,
    381.5114954640847,
    536.7253252313242,
    406.1332038098923,
    474.48588288310475,
    430.86973737377775,
    558.5070638304479,
    502.54409158371107,
    428.6304453594069,
    530.0416108376312,
    485.8267877070137,
    453.18794909588075,
    495.7799658550157,
    431.7784604532482,
    437.1312734862083,
    490.94072403515077,
    397.36048751415206,
    475.7525442577844,
    544.0692603073576,
    537.1842511529192,
    475.5406665819968,
    460.54499693553333,
    611.199691140667,
    542.9896218955267,
    542.8158923725185,
    518.1753511614933,
    527.1374510228011,
    481.9697606219088,
    542.299911424133,
    414.9406457885272,
    511.25426539362735,
    519.3426335188929,
    545.0543708106983,
    407.77964964483846,
    523.1081937038487,
    518.1640449664083,
    487.455550011377,
    465.5490706896521,
    545.9286420800636,
    514.0264476384021,
    620.9430535367691,
    627.0362797535189,
    461.5071195615862,
    480.5475232061639,
    475.5609880300087,
    554.1615954100106,
    483.75926533840436,
    482.50264016509243,
    568.3589487437893,
    530.1998711186669,
    604.4121668498892,
    608.5851551811738,
    586.5832344285607,
    483.08428252581587,
    489.726571288189,
    518.1281317011867,
    532.5052706034636,
    499.6329453828418,
    534.7659204030493,
    520.9921415724975,
    443.82954480528514,
    480.28467604377795,
    486.92092512093507,
    484.95881020271736,
    582.2232794805992,
    537.0475038978863,
    603.9008113623322,
    594.5251393111769,
    546.8496949743644,
    602.5289809525154,
    673.0610526067111,
    541.5160809884926,
    587.1601650693332,
    416.2260112817691,
    490.55200862571263,
    596.4434446982671,
    447.46929243885836,
    591.1623737662923,
    604.963209404719,
    607.7840217156041,
    667.9305851065792,
    599.8072352530714,
    612.6096523727849,
    623.824444611677,
    566.5065382329838,
    511.48319409298676,
    466.9159437426806,
    539.6820739035791,
    514.0867200998727,
    532.3372328151506,
    564.4443898975217,
    495.1999632447863,
    466.85209155019993,
    496.8233726435652,
    534.8066145828998,
    497.42365160698756,
    537.9347322424877,
    572.3399515542214,
    509.0372522065377,
    527.5266426047264,
    586.1044268164617,
    455.93886290671253,
    464.6397517614243,
    533.8002424599543,
    633.2175778243911,
    580.4256933264162,
    522.9935216327041,
    506.89236707677844,
    494.7882285142359,
    477.42634408314495,
    517.7209107188635,
    564.1537050861191,
    488.57925343781505,
    535.8037128154065,
    537.0313843459469,
    532.0121952031626,
    443.4370847448134,
    532.4903447036407,
    557.4390391541572,
    484.64133724619023,
    642.0361070159569,
    501.3245477364434,
    568.640266827754,
    571.2938801748177,
    696.7602180886362,
    512.1310323149286,
    638.3109704705955,
    591.3015243247279,
    598.2689085117973,
    732.1874471407742,
    522.0916514310577,
    649.0351716304154,
    573.7553162316046,
    536.942069688212,
    752.596732270342,
    520.4875548945263,
    584.6378277903716,
    656.12919720784,
    579.9891745316265,
    606.8804285625276,
    649.2339460896701,
    682.5348492272443,
    749.5455168357985,
    829.460881666686,
    746.2990402524041,
    718.5863508102316,
    715.4738859628635,
    529.7724232366811,
    647.7497939137253,
    540.6925789378081,
    646.1694724436385,
    630.3013340986669,
    773.5347277265471,
    649.9147077218639,
    715.0789955107275
  ],