{
  "final_reward": 372.6144464193307,
  "training_time_sec": 4924.914814949036,
  "avg_cpu_percent": 26.183677162504523,
  "avg_gpu_percent": 0.0003619254433586681,
  "energy_kwh": 0.044776369608130924,
  "eval_timesteps": [
    50000,
    100000,
    150000,
    200000,
    250000,
    300000,
    350000,
    400000,
    450000,
    500000,
    550000,
    600000,
    650000,
    700000,
    750000,
    800000,
    850000,
    900000,
    950000,
    1000000,
    1050000,
    1100000,
    1150000,
    1200000,
    1250000,
    1300000,
    1350000,
    1400000,
    1450000,
    1500000,
    1550000,
    1600000,
    1650000,
    1700000,
    1750000,
    1800000,
    1850000,
    1900000,
    1950000,
    2000000
  ],
  "eval_rewards": [
    348.4174146193392,
    327.9817360874898,
    313.8211752075863,
    270.87192161117355,
    251.46244311283445,
    259.02965405606096,
    211.20809146987594,
    304.2440944225368,
    311.8706954142452,
    418.5014188772977,
    394.28063846494786,
    411.7239967467957,
    412.9853388809623,
    320.83200443244556,
    423.1895886000828,
    432.2717361607139,
    441.62222323423276,
    513.132018171663,
    389.27813961814985,
    482.1548383359228,
    413.57819138100797,
    470.70385563096187,
    441.27042645093087,
    396.1591002162271,
    431.36053115237894,
    464.037636505554,
    419.67714634672336,
    548.4576288672204,
    436.1211291153974,
    473.79076562780756,
    519.6959189770262,
    321.91519412567357,
    473.73709636652865,
    494.4332067602348,
    468.87358253874436,
    474.68139960499155,
    457.2314052117041,
    449.71553869876743,
    510.10355215646644,
    372.6144464193307
  ],
  "eval_wall_times": [
    89.83063173294067,
    182.54225611686707,
    599.3507127761841,
    693.4777283668518,
    789.9765448570251,
    886.3948557376862,
    983.728682756424,
    1083.3287444114685,
    1196.5080301761627,
    1312.376940727234,
    1425.9137215614319,
    1539.187732219696,
    1655.375764131546,
    1769.4243323802948,
    1885.1051106452942,
    2000.3579816818237,
    2116.593419790268,
    2231.4127221107483,
    2345.707234621048,
    2461.8715834617615,
    2577.0057711601257,
    2694.142322778702,
    2808.497941017151,
    2922.684320449829,
    3037.899827003479,
    3151.6301534175873,
    3267.2043249607086,
    3381.025326013565,
    3496.7572507858276,
    3610.692994117737,
    3724.719803094864,
    3840.700302839279,
    3954.719274520874,
    4070.224366903305,
    4184.870487451553,
    4299.613221645355,
    4398.277175426483,
    4800.191251277924,
    4862.276702404022,
    4923.212644338608
  ]
}