{
  "final_reward": 538.0999188557189,
  "training_time_sec": 11727.086967468262,
  "avg_cpu_percent": 25.899498482248912,
  "avg_gpu_percent": 0.00013197835554968986,
  "energy_kwh": 0.10546137727724025,
  "eval_timesteps": [
    50000,
    100000,
    150000,
    200000,
    250000,
    300000,
    350000,
    400000,
    450000,
    500000,
    550000,
    600000,
    650000,
    700000,
    750000,
    800000,
    850000,
    900000,
    950000,
    1000000,
    1050000,
    1100000,
    1150000,
    1200000,
    1250000,
    1300000,
    1350000,
    1400000,
    1450000,
    1500000,
    1550000,
    1600000,
    1650000,
    1700000,
    1750000,
    1800000,
    1850000,
    1900000,
    1950000,
    2000000,
    2050000,
    2100000,
    2150000,
    2200000,
    2250000,
    2300000,
    2350000,
    2400000,
    2450000,
    2500000,
    2550000,
    2600000,
    2650000,
    2700000,
    2750000,
    2800000,
    2850000,
    2900000,
    2950000,
    3000000,
    3050000,
    3100000,
    3150000,
    3200000,
    3250000,
    3300000,
    3350000,
    3400000,
    3450000,
    3500000,
    3550000,
    3600000,
    3650000,
    3700000,
    3750000,
    3800000,
    3850000,
    3900000,
    3950000,
    4000000,
    4050000,
    4100000,
    4150000,
    4200000,
    4250000,
    4300000,
    4350000,
    4400000,
    4450000,
    4500000,
    4550000,
    4600000,
    4650000,
    4700000,
    4750000,
    4800000,
    4850000,
    4900000,
    4950000,
    5000000
  ],
  "eval_rewards": [
    309.0376594835449,
    265.849568656171,
    347.07226228869933,
    266.9598734044081,
    332.68611095083867,
    373.22244166284804,
    280.67426889471136,
    310.4996463311146,
    425.883220030397,
    315.96183860341233,
    400.7082662800932,
    375.75870030287285,
    355.05355685588404,
    337.4744683282418,
    318.4228276458605,
    335.93137905404245,
    372.194783950261,
    337.0473766554233,
    337.57062954113354,
    321.0034842802934,
    359.0586793294403,
    401.1567405994605,
    402.8949244572935,
    393.3790864702389,
    420.5500343537136,
    451.2772122299863,
    393.2135487200698,
    437.8422174676287,
    466.1334464277578,
    408.3581247033764,
    467.1656927780459,
    474.34981297906006,
    512.5134744561585,
    518.1734862796735,
    518.0623880505975,
    437.6364489595118,
    543.5322644444933,
    555.2774592092832,
    489.67816666061844,
    574.0142457597065,
    498.31870098762977,
    570.7297412376337,
    493.31479398961574,
    520.5977907633766,
    564.7800216294778,
    529.9990786957136,
    624.4373369259937,
    512.4892804070432,
    461.69618565426725,
    452.11289074444505,
    527.2655791209827,
    602.4301104411176,
    542.8643723258754,
    459.6669524893597,
    604.2997298670673,
    594.875073191004,
    588.7120539699486,
    567.0324696094947,
    702.6043024682963,
    612.1231906308797,
    699.2225789247539,
    672.9565725062624,
    605.466148056028,
    649.8970531474566,
    689.0676492779234,
    582.8536330555701,
    716.746920649869,
    571.5968322307219,
    633.9293701420681,
    581.4817551659174,
    596.5855776314143,
    528.3178739144062,
    648.7535286835493,
    621.6964651614917,
    601.9083247113379,
    663.2141703569725,
    582.8843431713015,
    544.5756234733684,
    557.4768710431297,
    602.192884123353,
    633.0364754595515,
    684.8573384646097,
    543.0497723857477,
    604.9094114112397,
    684.7768538706083,
    693.1837248554496,
    605.1930543943201,
    661.3736597376375,
    588.6562522359363,
    625.0325739283546,
    516.2011279910959,
    600.197497696682,
    538.1881654576619,
    599.4899148197577,
    650.00644830304,
    634.870271825487,
    632.2751999509521,
    683.9559987721086,
    621.065896113055,
    538.0999188557189
  ],
  "eval_wall_times": [
    93.29540777206421,
    186.50133514404297,
    282.18914794921875,
    378.1771969795227,
    476.54928255081177,
    573.8346409797668,
    672.5181801319122,
    772.488677740097,
    871.3369045257568,
    971.6306681632996,
    1070.302892446518,
    1169.6064887046814,
    1270.3764388561249,
    1370.1534113883972,
    1471.9202637672424,
    1572.8088159561157,
    1675.517945766449,
    1776.8810777664185,
    1878.062932729721,
    1980.6548018455505,
    2097.531584262848,
    2216.8351163864136,
    2334.0655381679535,
    2451.083552122116,
    2571.098125219345,
    2688.6355214118958,
    2807.9589681625366,
    2924.8910326957703,
    3044.117486476898,
    3161.833293914795,
    3279.7998180389404,
    3399.4806792736053,
    3517.6967961788177,
    3638.303540468216,
    3757.4847655296326,
    3876.437370300293,
    3996.191323041916,
    4114.191552877426,
    4234.355425357819,
    4352.8790690898895,
    4471.705357313156,
    4592.2517511844635,
    4711.548688650131,
    4833.643486022949,
    4952.723165273666,
    5074.378133058548,
    5195.200214385986,
    5315.776292800903,
    5437.921364307404,
    5558.097775220871,
    5680.781578302383,
    5802.439859867096,
    5923.975045681,
    6047.489958524704,
    6169.261732339859,
    6292.761102676392,
    6414.490648984909,
    6538.613461256027,
    6661.355841875076,
    6784.048652887344,
    6908.275579452515,
    7030.850720882416,
    7156.151520013809,
    7279.980705738068,
    7403.696960926056,
    7528.436011791229,
    7652.433726787567,
    7778.138624191284,
    7899.776509523392,
    8020.1448295116425,
    8142.057110309601,
    8263.06330704689,
    8387.575817346573,
    8509.88362956047,
    8633.60963511467,
    8755.786368608475,
    8877.85736489296,
    9001.541996479034,
    9125.512661218643,
    9249.819405555725,
    9417.91332769394,
    9538.242442131042,
    9659.935868024826,
    9780.796036481857,
    9902.532073259354,
    10023.104516267776,
    10146.21791267395,
    10267.312456846237,
    10388.154754638672,
    10509.752278327942,
    10630.102857589722,
    10751.755428791046,
    10872.48193192482,
    10992.448496580124,
    11114.281554698944,
    11234.378377199173,
    11356.871396780014,
    11478.307273626328,
    11600.363237380981,
    11723.408220529556
  ]
}